<MultiplayerMenu>
    <Window name="MultiplayerMenu" size="450,350" position="500,300" movable="true" resizable="false" visible="false">
        <TitleBar text="Multiplayer Mod v1.0" height="25"/>
        
        <GroupBox position="10,35" size="430,120" text="Connection">
            <Text name="status_label" text="Status:" position="15,25" size="80,20"/>
            <Text name="status_text" text="Disconnected" position="100,25" size="200,20" color="255,50,50"/>
            
            <Input name="ip_input" text="127.0.0.1" position="15,55" size="200,25" tooltip="Server IP Address"/>
            <Button name="host_button" text="Host Game (F8)" position="15,90" size="120,30" onClick="HostGame()" tooltip="Start multiplayer server"/>
            <Button name="join_button" text="Join Game" position="145,90" size="120,30" onClick="JoinGame()" tooltip="Connect to server"/>
            <Button name="quick_button" text="Quick Connect (F7)" position="275,90" size="120,30" onClick="QuickConnect()" tooltip="Connect to last server"/>
        </GroupBox>
        
        <GroupBox position="10,165" size="430,140" text="Players">
            <List name="player_list" position="15,25" size="400,80">
                <Header height="25">
                    <Text text="Player" position="0,0" size="150,25"/>
                    <Text text="Ping" position="150,0" size="80,25"/>
                    <Text text="Status" position="230,0" size="170,25"/>
                </Header>
            </List>
            <Button name="refresh_button" text="Refresh" position="15,110" size="80,25" onClick="RefreshPlayerList()"/>
            <Button name="kick_button" text="Kick Player" position="105,110" size="100,25" onClick="KickSelectedPlayer()" enabled="false"/>
            <Button name="teleport_button" text="Teleport To" position="215,110" size="100,25" onClick="TeleportToSelected()" enabled="false"/>
        </GroupBox>
        
        <Button name="close_button" text="Close (F6)" position="350,315" size="90,25" onClick="CloseMultiplayerMenu()"/>
    </Window>
</MultiplayerMenu>