<?xml version="1.0" encoding="UTF-8"?>
<controls>
    <category name="Multiplayer">
        <action name="OpenMultiplayerMenu">
            <key code="F6"/>
            <controller type="Button" code="Shoulder_Left"/>
        </action>
        <action name="QuickConnect">
            <key code="F7"/>
            <controller type="Button" code="Shoulder_Right"/>
        </action>
        <action name="HostGame">
            <key code="F8" modifier="Ctrl"/>
        </action>
        <action name="Disconnect">
            <key code="F9" modifier="Ctrl"/>
        </action>
        <action name="PlayerList">
            <key code="Tab" modifier="Shift"/>
        </action>
        <action name="SyncInventory">
            <key code="I" modifier="Ctrl+Shift"/>
        </action>
        <action name="TeleportToPlayer">
            <key code="T" modifier="Ctrl+Alt"/>
        </action>
    </category>
    
    <category name="MultiplayerChat">
        <action name="OpenChat">
            <key code="Enter"/>
            <key code="Return"/>
        </action>
        <action name="CloseChat">
            <key code="Escape"/>
        </action>
        <action name="SendMessage">
            <key code="Enter" modifier="None"/>
            <key code="Return" modifier="None"/>
        </action>
        <action name="ChatHistoryUp">
            <key code="Up"/>
        </action>
        <action name="ChatHistoryDown">
            <key code="Down"/>
        </action>
    </category>
</controls>